Description	Address	Last Update	Language	License	Star	Topics	Issues Need Help
åŸºäºWXPYçš„å¾®ä¿¡æœºå™¨äººï¼Œä¸ºæ­¦æ±‰åŠ æ²¹ï¼ä¸»è¦åŠŸèƒ½ï¼šè°£è¨€æ£€æµ‹ã€ç–«æƒ…è¿½è¸ªã€åŒè¡Œäººè¿½è¸ªç­‰ï¼Œæ¬¢è¿åŠ å…¥ï¼	https://github.com/MarkShawn2020/robot-for-wuhan	2020-02-04 11:33:17 HKT+0800	Python	None	1	python, wxpy, wuhan, ncov, ncov-2019	0
#æ­¦æ±‰åŠ æ²¹ #wuhan-support é¢å‘ç–«åŒºå†…å¤–æ°‘ä¼—å’ŒåŒ»ç–—æœºæ„çš„å¤šç»´åº¦ä¿¡æ¯æ•´åˆå¹³å° å‰ç«¯	https://github.com/wuhan-support/frontend	2020-02-04 11:03:02 HKT+0800	Vue	GPL-3.0 license	8	wuhan-support, support, science, vuejs, vue, openness, feiyan, ncov, wuhan-pneumonia	0
ğŸ‘©ğŸ»â€âš•ï¸2019-nCoV estimation and forecast using statistical model; æ–°å‹å† çŠ¶ç—…æ¯’æ­¦æ±‰è‚ºç‚ç»Ÿè®¡æ¨¡å‹é¢„æµ‹	https://github.com/YiranJing/Coronavirus-Epidemic-2019-nCov	2020-02-04 07:54:02 HKT+0800	Jupyter Notebook	None	17	statistical-models, visualization, python, epidemic-model, 2019-ncov, coronavirus	0
åŠ æ²¹ï¼Œæ­¦æ±‰	https://github.com/JinggeSun/RefuelingWuhan-	2020-02-03 23:22:23 HKT+0800	Java	None	0	None	0
æ­¦æ±‰ç–«æƒ…æ•°æ®è°ƒç ”åˆ†æ	https://github.com/axuanwu/DataScienceEpidemic	2020-02-03 20:47:25 HKT+0800	None	None	0	None	0
æ­¦æ±‰åŒæµåŒ»é™¢äº’åŠ©é‡‘ç”³è¯·ç³»ç»Ÿ	https://github.com/huJingYang2017/mutualAidMoney	2020-02-03 11:14:07 HKT+0800	JavaScript	None	0	None	0
æ­¦æ±‰ç–«æƒ…åœ°å›¾	https://github.com/A-Yifeng/wuhan-coronavirus	2020-02-03 10:02:07 HKT+0800	JavaScript	None	0	None	0
æ­¦æ±‰æ–°å‹å† çŠ¶ç—…æ¯’ç–«æƒ…åœ°å›¾Vueå®ç°	https://github.com/border-1px/2019-nCov	2020-02-03 09:55:51 HKT+0800	Vue	None	18	None	0
æŠ“å–æ­¦æ±‰è‚ºç‚ç–«æƒ…å†å²æ•°æ®å’Œå®æ—¶æ•°æ®+æ­¦æ±‰è‚ºç‚ç–«æƒ…é¢„æµ‹	https://github.com/fenge21/nCoV2019_Predict	2020-02-03 02:11:58 HKT+0800	C#	MIT license	2	None	0
æ­¦æ±‰å¤§å­¦è®¡ç®—æœºå­¦é™¢ç¨‹åºè®¾è®¡è®­ç»ƒ	https://github.com/Lyraz/WHU-TPD	2020-02-03 00:04:49 HKT+0800	C++	None	0	None	0
æ­¦æ±‰æ–°å‹å† çŠ¶ç—…æ¯’è‚ºç‚ç–«æƒ…ä¿¡æ¯æŸ¥è¯¢	https://github.com/tfcx-th/wuhan-2019nCoV-info	2020-02-02 22:49:10 HKT+0800	JavaScript	None	0	None	0
å¦‚ä½•çœ‹å¾…å¤®è§†ç›´æ’­æ­¦æ±‰çº¢åå­—ä¼šä»“åº“æƒ…å†µï¼Œåè¢«ä¿å®‰ä¸­æ–­é˜»æ‹¦è¿›åœºï¼Ÿ	https://github.com/symphony2014/-	2020-02-02 20:35:00 HKT+0800	None	None	0	None	0
æ­¦æ±‰çº¢åå­—ä¼šè‹è”æ”¿æ²»ç¬‘è¯é›†é”¦	https://github.com/jcq15/wuhanred10	2020-02-02 17:03:10 HKT+0800	None	None	5	None	0
æ­¦æ±‰ç—…æ¯’å®æ—¶æŸ¥è¯¢ï¼Œæ•°æ®æ¥æºä¸é¦™å›­	https://github.com/CharliePu/Virus_tracker	2020-02-02 14:54:03 HKT+0800	Java	None	0	None	0
æŠ“å–Githubä¸Šä¸æ­¦æ±‰ç–«æƒ…æœ‰å…³é¡¹ç›®çš„ç®€å•çˆ¬è™«	https://github.com/chbinnc/Wuhan-nCoV-Github-Proj-List	2020-02-02 13:36:36 HKT+0800	Python	MIT license	0	None	0
2019-nCoV ç–«æƒ…å®æ—¶æ’­æŠ¥ğŸ…¥ ï½œæ­¦æ±‰æ–°å† çŠ¶ç—…æ¯’è‚ºç‚ç–«æƒ…ä¿¡æ¯é€šçŸ¥ ï½œ æ”¯æŒå¾®ä¿¡ã€é’‰é’‰ç¾¤ã€å¾®åš	https://github.com/wangke0809/2019-nCoV-Push	2020-02-02 12:43:38 HKT+0800	Python	None	5	2019-ncov	0
æ­¦æ±‰ç–«æƒ…å„ç±»äººæ•°ç»Ÿè®¡	https://github.com/mai-lang-chai/Wuhan2020	2020-02-02 12:36:15 HKT+0800	None	None	9	None	0
ä¸€èµ·æ¥ç»™æ­¦æ±‰çº¢åå­—ä¼šç›‘å·¥å§	https://github.com/WeileiZeng/red-cross	2020-02-02 12:27:51 HKT+0800	HTML	GPL-3.0 license	12	github-pages, red-cross, coronavirus	0
2019-nCov æ­¦æ±‰æ–°å‹å† çŠ¶ç—…æ¯’å¯è§†åŒ–	https://github.com/cuihuan/2019_nCov	2020-02-02 12:09:51 HKT+0800	JavaScript	MIT license	10	None	0
æ­¦æ±‰æ–°å‹å† çŠ¶ç—…æ¯’é˜²ç–«ä¿¡æ¯æ”¶é›†å¹³å°	https://github.com/wuhan2020/wuhan2020	2020-02-02 12:05:26 HKT+0800	None	None	4.5k	None	2
è®°å½•è‡ª2019å¹´12æœˆèµ·æ­¦æ±‰æ–°å† è‚ºç‚ç–«æƒ…è¿›å±•çš„æ—¶é—´çº¿ï¼Œå°½å¯èƒ½æœé›†ç»æ•äººç­›æŸ¥åçš„ä¿¡æ¯ï¼Œå› ä¸ºå‡è‹¥æ•æ„Ÿå†…å®¹ï¼Œå¢™å†…å®¹æ˜“ç‚¸å·ï¼Œæ•…ç½®äºæ­¤ã€‚	https://github.com/Pratitya/wuhan2020-timeline	2020-02-02 10:56:02 HKT+0800	None	None	26	china, wuhan, ncov, ncov-data-visual, wuhan-pneumonia, ncov-map, wuhan-coronavirus-outbreak, wuhan-coronavirus, wuhan-virus, wuhan2020, ncov-2019	1
æ­¦æ±‰è‚ºç‚æ—¶é—´çº¿ä¸ªäººæ•´ç†	https://github.com/ARandomChinese/WuhanCoV-News-Update	2020-02-02 09:47:22 HKT+0800	None	None	None	None	0
ã€ç‡ƒç¯è®¡åˆ’ã€‘æ˜¯åœ¨æ­¦æ±‰æ–°å† è‚ºç‚çˆ†å‘åï¼Œç”±äº’è”ç½‘å’ŒçŸ¥ååˆ›ä¸šå®¶é©¬åŠ›ã€è°ˆæ¯…ç­‰æ°‘é—´å¿—æ„¿è€…è‡ªæ„¿å‘èµ·çš„å…¬ç›Šä¿¡æ¯åŒ¹é…ç¤¾åŒºå¹³å°ï¼Œé€šè¿‡ç™»è®°åŒ»é™¢çš„æ±‚åŠ©ä¿¡æ¯å’Œç½‘å‹åŠçˆ±å¿ƒä¼ä¸šçš„æåŠ©æ„æ„¿ï¼Œä¸ºæœ‰ç‰©èµ„éœ€è¦çš„åŒ»ç–—æœºæ„å’Œæœ‰æèµ æ„æ„¿çš„å…¬ç›Šäººå£«ä¹‹é—´æ­å»ºèµ·äº†ä¿¡æ¯çš„æ¡¥æ¢ï¼Œå¸®åŠ©æ¹–åŒ—çœé™¤	https://github.com/xpf1003/eep-plan	2020-02-02 09:28:26 HKT+0800	JavaScript	None	None	None	0
æ­¦æ±‰æ–°å‹å† çŠ¶ç—…æ¯’ï¼Œè‚ºç‚ç–«æƒ…å®æ—¶çœå¸‚åœ°å›¾	https://github.com/shfshanyue/2019-ncov	2020-02-02 09:21:18 HKT+0800	JavaScript	None	154	None	0
2020å¹´æ­¦æ±‰æ–°å‹å† çŠ¶ç—…æ¯’ç–«æƒ…æš´éœ²äº†å¾ˆå¤šé—®é¢˜ï¼Œè¿«åˆ‡éœ€è¦åˆ©ç”¨æ•°å­—åŒ–æŠ€æœ¯æ‰‹æ®µå»ºè®¾ä¸€ä¸ªç–«æƒ…ä¿¡æ¯/èµ„æºç»Ÿç­¹/èˆ†æƒ…å¤„ç†å¹³å°ã€‚ In 2020, the new coronavirus epidemic in Wuhan exposed manyâ€¦	https://github.com/Jonasonw/WuhanWin	2020-02-02 09:17:29 HKT+0800	None	None	3	None	0
2020æ–°å‹å† çŠ¶ç—…æ¯’ï¼ˆæ­¦æ±‰è‚ºç‚ï¼‰ç–«æƒ…ç¡®è¯Šäººæ•°é¢„æµ‹	https://github.com/pxp1230/yqyc	2020-02-02 08:47:56 HKT+0800	C#	None	1	None	0
æ­¦æ±‰åŠ æ²¹ï¼ä¸­å›½åŠ æ²¹ï¼	https://github.com/mrkmj/simple-to-check-Wuhancoronavirus	2020-02-02 04:45:22 HKT+0800	Python	None	None	None	0
#æ­¦æ±‰åŠ æ²¹ #wuhan-support æˆ‘ä»¬å…³æ³¨çš„æ˜¯ä½ æ‰€å…³æ³¨çš„ï¼šé¢å‘ç–«åŒºå†…å¤–æ°‘ä¼—å’ŒåŒ»ç–—æœºæ„çš„å¤šç»´åº¦ä¿¡æ¯æ•´åˆå¹³å°	https://github.com/wuhan-support/wuhan.support	2020-02-02 03:58:44 HKT+0800	Python	GPL-3.0 license	86	wuhan-support, ncov, wuhan-pneumonia	0
æ­¦æ±‰æ–°å‹å† çŠ¶ç—…æ¯’é˜²ç–«ä¿¡æ¯æ”¶é›†å¹³å°-æ•°æ®åŒæ­¥æœåŠ¡	https://github.com/wuhan2020/data-sync	2020-02-02 02:36:26 HKT+0800	TypeScript	MIT license	50	None	0
ğŸš‘ é€‚ç”¨äº Linux | æ ‘è“æ´¾ | æ­¦æ±‰è‚ºç‚ç–«æƒ…æ§åˆ¶å°å®æ—¶åˆ·æ–° | åŸºäºJavaï¼ˆçˆ¬è‡ªä¸é¦™å›­ï¼‰	https://github.com/AdlerED/live-feiyan	2020-02-02 02:01:44 HKT+0800	Java	None	3	None	0
#æ­¦æ±‰åŠ æ²¹ #wuhan-support å†å²æ•°æ®é›†ä¸æ•°æ®è‡ªåŠ¨è·å–	https://github.com/wuhan-support/dataset	2020-02-02 01:37:24 HKT+0800	Python	GPL-3.0 license	10	ncov, wuhan-pneumonia, wuhan-support	0
ã€æˆªæ­¢2020å¹´1æœˆ29æ—¥ 23æ—¶, 6090ä¾‹ã€‘ã€‚å…³æ³¨æ­¦æ±‰è‚ºç‚2019æ–°å‹å† çŠ¶ç—…æ¯’ï¼ˆ2019-nCoVï¼‰ï¼Œæ•°æ®å¯è§†åŒ–æ„ŸæŸ“äººç¾¤çƒ­ç‚¹å›¾ã€è¿å¾™æ‰©æ•£è½¨è¿¹ï¼Œä»¥æä¾›å¸®åŠ©åˆ†æç–«æƒ…ã€‚ æ„¿ä¸–ç•Œå®‰å¥½ã€‚Focus on Wuhan 2019-nCoV, â€¦	https://github.com/veaba/ncov	2020-02-02 01:17:40 HKT+0800	JavaScript	None	156	ncov, data-visualization, 2019-ncov, ncov-data-visual	0
è‡ªåŠ¨æ•™åŠ¡ç³»ç»Ÿæ­¦æ±‰ç–«æƒ…ä¿¡æ¯æ‰“å¡	https://github.com/handsomeWeiye/AutoPunch	2020-02-02 00:41:15 HKT+0800	Python	None	None	None	0
æ­¦æ±‰æ–°å‹å† çŠ¶ç—…æ¯’é˜²ç–«ç‰©èµ„ä¿¡æ¯æèµ é€šé“ -> é‡‡ç”¨æ›´ä¾¿æ·çš„æ–¹æ¡ˆå±•ç¤º	https://github.com/WuhanZhuRong/DonationChannel	2020-02-02 00:27:43 HKT+0800	JavaScript	MIT license	9	wuhan, 2019-ncov, coronavirus	0
2019æ­¦æ±‰æ–°å‹å† çŠ¶ç—…æ¯’é˜²ç–«ä¿¡æ¯å¯è§†åŒ–å¹³å°	https://github.com/ddawx123/nCoV-GUI	2020-02-01 23:51:39 HKT+0800	Vue	MIT license	None	None	0
é’ˆå¯¹ 2020 å¹´åˆåœ¨æ­¦æ±‰çˆ†å‘çš„æ–°å‹å† çŠ¶ç—…æ¯’ç–«æƒ…ï¼Œæœ¬é¡¹ç›®æ—¨åœ¨å°è¯•è¿›è¡Œæ•°æ®å¼€æ”¾çš„å±•ç¤ºã€‚	https://github.com/WinSon-Zhao/2019-nCoV-DATA	2020-02-01 23:00:31 HKT+0800	JavaScript	None	None	None	0
æ­¦æ±‰è‚ºç‚å…¨å›½ç–«æƒ…å®æ—¶æ˜¾ç¤ºå›¾	https://github.com/zyr365/Pneumonia	2020-02-01 21:55:46 HKT+0800	C#	None	1	None	0
åŠ æ²¹æ­¦æ±‰!	https://github.com/KarryCMT/wuhan	2020-02-01 20:58:57 HKT+0800	JavaScript	None	None	None	0
æ­¦æ±‰ç–«æƒ…æ•°é‡ä¸æ–°é—»æ•°æ®çˆ¬å–	https://github.com/neobobos/wuhan_parser	2020-02-01 20:37:12 HKT+0800	Python	None	None	None	0
å§‹äºæ­¦æ±‰çš„æ–°å‹å† çŠ¶ç—…æ¯’çš„ç–«æƒ…ä¿¡æ¯é¡¹ç›®ï¼šåŒ…æ‹¬æ•°æ®çˆ¬å–ï¼Œæ•°æ®åº“å­˜å‚¨ï¼Œ(webåç«¯è§å¦å¤–ä¸€ä¸ªåº“wuhan_plague_web)	https://github.com/ustcyyw/wuhan_plague	2020-02-01 18:14:25 HKT+0800	Python	None	None	None	0
æ­¦æ±‰è‚ºç‚ç—…æ¯’è§£è¯ç”Ÿæˆå™¨ / Wuhan virus antidote generator	https://github.com/TheodoreKrypton/Antidote-Generator	2020-02-01 17:54:41 HKT+0800	HTML	MIT license	None	None	0
æ­¦æ±‰è‚ºç‚ç–«æƒ…å†å²æ•°æ®æŠ“å–ä¸echartå›¾è¡¨å±•ç¤º	https://github.com/yangguichun/2019-wuhan-nCoV	2020-02-01 17:15:14 HKT+0800	JavaScript	None	1	None	0
æ­¦æ±‰æ–°å‹è‚ºç‚ä¸­å›½ç–«æƒ…æ•°æ®å›¾è¡¨	https://github.com/yoorn/ncov-vue	2020-02-01 15:36:19 HKT+0800	Vue	MIT license	None	None	0
æ­¦æ±‰æ–°å‹å† çŠ¶ç—…æ¯’é˜²ç–«ä¿¡æ¯æ”¶é›†å¹³å°åç«¯ä»£ç†	https://github.com/wuhan2020/api-server	2020-02-01 14:50:25 HKT+0800	Python	None	88	None	0
æ­¦æ±‰æ–°å‹å† çŠ¶ç—…æ¯’ç–«æƒ…æ•°æ®	https://github.com/yoorn/ncov-koa	2020-02-01 14:23:08 HKT+0800	TypeScript	MIT license	1	None	0
PCç«¯wuhan2020åœ¨æ‰‹æœºç«¯æ˜¾ç¤ºæ•ˆæœä¸å¤ªå¥½ï¼Œåšä¸€ç‰ˆå°ç¨‹åºç”¨åœ¨ç§»åŠ¨ç«¯ä¸Šè®©éœ€è¦äº†è§£æ­¦æ±‰ç‰©èµ„æƒ…å†µçš„äººèƒ½æ›´å¥½ä½“éªŒåˆ°äº§å“ï¼Œä¹Ÿå¸Œæœ›å°½è‡ªå·±çš„ä¸€ä»½åŠ›é‡ã€‚	https://github.com/woshiku110/wuhan2020	2020-02-01 14:00:30 HKT+0800	JavaScript	None	None	None	0
æ­¦æ±‰æ–°å‹å† çŠ¶ç—…æ¯’è‚ºç‚ç–«æƒ…çƒ­åŠ›ç»Ÿè®¡å›¾	https://github.com/JoshuaYF/ncov-statistics	2020-02-01 13:41:30 HKT+0800	HTML	None	8	None	0
æ­¦æ±‰è‚ºç‚ç—…æ‚£æ•°æ®å…¨å›½åŠçœå¸‚åœ°å›¾	https://github.com/Zuo1ji/wuhan-virus-auto	2020-02-01 13:27:26 HKT+0800	Python	None	None	None	0
#æ­¦æ±‰åŠ æ²¹ #wuhan-support é¢å‘ç–«åŒºå†…å¤–æ°‘ä¼—å’ŒåŒ»ç–—æœºæ„çš„å¤šç»´åº¦ä¿¡æ¯æ•´åˆå¹³å° åç«¯	https://github.com/wuhan-support/backend	2020-02-01 13:01:57 HKT+0800	Go	GPL-3.0 license	5	golang, ncov, wuhan-pneumonia, shimo, wuhan-support	0
æ­¦æ±‰åŠ æ²¹ï¼Œä¸­å›½åŠ æ²¹	https://github.com/Alkane0050/2019-nCoV-Migration-Data	2020-02-01 12:34:58 HKT+0800	Python	MIT license	1	None	0
ç˜Ÿç–«å…¬å¸é£æ ¼çš„æ­¦æ±‰è‚ºç‚ç–«æƒ…æ’­æŠ¥æ¡Œé¢å°éƒ¨ä»¶	https://github.com/ZYFDroid/PlagueInc-Style-News	2020-02-01 12:33:33 HKT+0800	C#	None	18	None	0
æ­¦æ±‰ç–«æƒ…ï¼šç»Ÿè®¡æ¯æ—¥å„åœ°æ–°å¢ç–«æƒ…æ•°é‡	https://github.com/liushuidylin/yq	2020-02-01 11:50:01 HKT+0800	Python	None	None	None	0
2020æ­¦æ±‰è‚ºç‚ç–«æƒ…åœ°å›¾	https://github.com/SummerisYoung/geo_epidemic	2020-02-01 11:49:00 HKT+0800	HTML	None	None	None	0
#æ­¦æ±‰åŠ æ²¹ #wuhan-support ç”¨äºå¾®ä¿¡å…¬ä¼—å·çš„ç–«æƒ…ä¿¡æ¯æ¨é€æœºå™¨äºº	https://github.com/wuhan-support/robot-official	2020-02-01 01:47:16 HKT+0800	Python	None	4	wechat-bot, ncov, wuhan-pneumonia, wuhan-support	0
æ­¦æ±‰è‚ºç‚ç–«æƒ…å®æ—¶çœå¸‚åœ°å›¾	https://github.com/silkroading/2020map	2020-02-01 01:06:52 HKT+0800	JavaScript	None	None	None	0
æ­¦æ±‰æ–°å‹å† çŠ¶ç—…æ¯’å®æ—¶çœå¸‚æ•°æ®2019-2020	https://github.com/hehez/wuhan-ncov-2020	2020-02-01 01:01:52 HKT+0800	None	None	None	None	0
æ­¦æ±‰æ–°å‹å† çŠ¶ç—…æ¯’è‚ºç‚ä¸åŒæ€§åˆ«æ„ŸæŸ“è€…å¹´é¾„åˆ†å¸ƒ	https://github.com/Dipperss/Dipperss.github.io	2020-02-01 00:37:16 HKT+0800	Python	None	None	None	0
æ­¦æ±‰æ–°å‹å† çŠ¶ç—…æ¯’é˜²ç–«ä¿¡æ¯æ”¶é›†å¹³å°	https://github.com/silkroading/wuhan2020	2020-02-01 00:18:02 HKT+0800	None	None	None	None	0
æ­¦æ±‰åŠ æ²¹ï¼Œä¸€ä¸ªå°æ¸¸æˆ	https://github.com/zhuss/wuhan	2020-01-31 23:47:50 HKT+0800	JavaScript	None	1	None	0
æ­¦æ±‰è‚ºç‚æ¥äº†ï¼Œæ‰“å‘æ—¶é—´	https://github.com/zz0808/a-boring-and-simple-system	2020-01-31 23:33:58 HKT+0800	Python	None	None	None	0
æ­¦æ±‰2019æ–°å‹å† çŠ¶ç—…æ¯’ç–«æƒ…å¯è§†åŒ–(å…¨å›½ç–«æƒ…åœ°å›¾åŠæ—¶é—´è½´å˜åŒ–)	https://github.com/FelixZFB/wuhan_2019-nCoV	2020-01-31 23:21:38 HKT+0800	Python	None	3	None	0
Donation information for Wuhan Virus relief. æ­¦æ±‰ç—…æ¯’æµ·å¤–ææ¬¾æç‰©ä¿¡æ¯æ±‡æ€»	https://github.com/Anti-Wuhan-Virus/donation-info-overseas	2020-01-31 21:57:00 HKT+0800	None	MIT license	3	None	0
ä¸ºæ­¦æ±‰2020é¡¹ç›®æä¾›ç‰©èµ„æ•°æ®è§£æ	https://github.com/magician333/parse_wuhan2020_goods	2020-01-31 20:07:18 HKT+0800	Python	None	1	None	0
ä¸€ä¸ªå¯¹æŠ—æ­¦æ±‰è‚ºç‚çš„ä¸­è¯æ–¹å­	https://github.com/cooerson/2019-nCoV	2020-01-31 18:44:48 HKT+0800	None	None	None	2019-ncov, coronavirus	0
çˆ¬å–ä¸é¦™å›­æ•°æ®ç»Ÿè®¡æ–°å¢æ­¦æ±‰è‚ºç‚ç—…ä¾‹	https://github.com/CroperShen/pneumonia-statistics	2020-01-31 18:38:30 HKT+0800	Python	None	None	None	0
æ­¦æ±‰äººå£è¿ç§»æ•°æ®çˆ¬å–	https://github.com/RManOfCN/wh_migration	2020-01-31 18:37:33 HKT+0800	Python	MIT license	1	None	0
2020å¹´æ­¦æ±‰è‚ºç‚ç–«æƒ…æƒ…å†µæ•°æ®å±•ç¤ºDemo	https://github.com/Object822/epidemicSituation-Demo	2020-01-31 17:33:06 HKT+0800	JavaScript	None	1	None	0
å¯¹2019-2020æ­¦æ±‰æ–°å‹å† çŠ¶ç—…æ¯’æ„ŸæŸ“æƒ…å†µçš„é¢„æµ‹	https://github.com/slam-practice/WuHan-2019-nCov-Prediction-Model	2020-01-31 17:24:37 HKT+0800	CMake	None	None	None	0
è®°å½•ä¸2020çˆ†å‘çš„æ­¦æ±‰æ–°å‹å† çŠ¶ç—…æ¯’ç›¸å…³çš„å†…å®¹	https://github.com/nnikniL/2019-nCoV_Notes	2020-01-31 16:30:16 HKT+0800	None	None	1	None	0
æ­¦æ±‰è‚ºç‚ï¼Œç–«æƒ…åœ°å›¾	https://github.com/lzxue/yiqingditu	2020-01-31 15:59:04 HKT+0800	JavaScript	None	31	map, l7	0
æŠ—å‡»æ­¦æ±‰æ–°å‹æµæ„Ÿï¼Œå®…åœ¨å®¶é‡ŒLeetCode	https://github.com/2448845600/LeetCodeDayDayUp	2020-01-31 15:27:12 HKT+0800	Python	MIT license	None	None	0
æ­¦æ±‰åŠ æ²¹!	https://github.com/justbelieveyourself/wuhan-jiayou	2020-01-31 14:20:16 HKT+0800	None	MIT license	None	None	0
2019-nCoV æ­¦æ±‰æ–°å† çŠ¶ç—…æ¯’è‚ºç‚ç–«æƒ…ä¿¡æ¯å¯¼èˆª	https://github.com/wertycn/nCoV	2020-01-31 13:58:53 HKT+0800	CSS	None	27	None	0
åŸºäºeChartsçš„æ­¦æ±‰è‚ºç‚ç–«æƒ…åœ°å›¾	https://github.com/lxalxy/WuHan-2019nCov-MapVisu	2020-01-31 12:33:16 HKT+0800	JavaScript	None	None	None	0
è¿™ä¸ªé¡¹ç›®æœ‰å…³æœ‰å…³ æ­¦æ±‰è‚ºç‚ 2019-ncovçš„ç›¸å…³ç—…ä¾‹æ•°æ®çš„åˆ†äº«ã€‚ä»gitlabè¿ç§»è¿‡æ¥ã€‚å‘å¸ƒé¡µè¿™é‡Œ	https://github.com/wybert/open-wuhan-ncov-illness-data	2020-01-31 11:50:12 HKT+0800	Jupyter Notebook	MIT license	7	None	0
æ­¦æ±‰è‚ºç‚2019nCoVç–«æƒ…æ•°æ®äº‹å®æ¨é€è„šæœ¬	https://github.com/gaogan-python/wuhan_2019nCov_sendmessages	2020-01-31 11:32:48 HKT+0800	Python	None	1	None	0
SARIå¦‚è™ï¼Œå±å®³å¦‚é¼ ï¼Œå¦ç„¶ç›´é¢ä¸è›Šã€‚â€”â€”æ­¦æ±‰åŠ æ²¹ï¼	https://github.com/JHerculesqz/FuckSARI	2020-01-31 11:24:35 HKT+0800	JavaScript	Apache-2.0 license	2	None	0
æ­¦æ±‰è‚ºç‚æ²»æ„ˆåœ°å›¾	https://github.com/WithHades/ncov_cured	2020-01-31 09:54:43 HKT+0800	JavaScript	None	None	None	0
Wuhan Coronavirus Timeline API | æ­¦æ±‰è‚ºç‚ Timeline API	https://github.com/damonYuan/ncov-api-k8s	2020-01-31 00:58:07 HKT+0800	None	None	None	api, kubernetes, wuhan	0
ä¸€ä¸ªæ­¦æ±‰è‚ºç‚çš„å¯è§†åŒ–APP	https://github.com/Moyck/2019NCOV	2020-01-31 00:08:39 HKT+0800	Kotlin	None	6	None	0
å¼•ç”¨åä¸­ç§‘å¤§åŒæµåŒ»é™¢çš„è¯â€ è½»ç—‡æ‚£è€…å³æ—¶èµ·å¯å±…å®¶è¿œç¨‹å’¨è¯¢â€ã€‚å¸Œæœ›å…¨å›½æ›´å¤šçš„è¿œç¨‹åŒ»ç–—å¹³å°å»ºç«‹èµ·æ¥ã€‚ä¸ä»…å¯ä»¥ä¸ºæ­¦æ±‰æä¾›æ›´å¤šçš„åŒ»ç–—æ”¯æ’‘ï¼Œä¹Ÿå¯ä»¥é¿å…è½»ç—‡æ‚£è€…å‰å¾€åŒ»é™¢äº¤å‰æ„ŸæŸ“ã€‚å…¨å›½çš„ç™½è¡£å¤©ä½¿å¯ä»¥åœ¨å®¶æä¾›å®è´µçš„ä¸“ä¸šçŸ¥è¯†å¸®åŠ©ç—…äººçš„åŒæ—¶ï¼Œæ²¡æœ‰è¢«æ„ŸæŸ“çš„â€¦	https://github.com/Support-WuHan/Online-Doctors-Info	2020-01-31 00:05:29 HKT+0800	None	None	2	online-support, wuhan, 2019-ncov	0
Ktor å±•ç¤ºæ­¦æ±‰è‚ºç‚ç–«æƒ…åœ°å›¾	https://github.com/rarnu/nCoVMap	2020-01-30 23:01:01 HKT+0800	Kotlin	GPL-3.0 license	None	None	0
æ­¦æ±‰åŠ æ²¹ï¼	https://github.com/weidafeng/2019-nCov-Crawer-and-Visualization	2020-01-30 22:37:24 HKT+0800	HTML	MIT license	None	None	0
æ­¦æ±‰upupup	https://github.com/gpuer/epidemicAnalysis	2020-01-30 21:51:24 HKT+0800	Java	None	2	None	0
æ­¦æ±‰åŠ æ²¹ï¼ä¸­å›½åŠ æ²¹ï¼	https://github.com/xg4/2019-nCoV	2020-01-30 21:06:42 HKT+0800	TypeScript	MIT license	1	None	0
ä¸€ä¸ªä»£ç ä¸è¾“å‡ºä¸€æ ·çš„ç¨‹åºä¸ºæ­¦æ±‰åŠ æ²¹ï¼	https://github.com/zhouii/WHJY	2020-01-30 20:41:04 HKT+0800	C++	GPL-3.0 license	None	None	0
æ­¦æ±‰å† çŠ¶ç—…æ¯’é˜²ç–«é‡ç‚¹	https://github.com/toyourheart163/coronavirus	2020-01-30 17:43:46 HKT+0800	Python	MIT license	None	None	0
æ­¦æ±‰2019nCovä¿¡æ¯çˆ¬è™«	https://github.com/Jacksgong/wuhan-2019-nCoV	2020-01-30 16:23:05 HKT+0800	Python	None	19	None	0
é…·Q2019æ­¦æ±‰è‚ºç‚æ–°é—»æ¨é€Javaå®ç°	https://github.com/ShirosakiMieru/CQ_ncov2019	2020-01-30 15:44:35 HKT+0800	Java	MIT license	None	None	0
#æ­¦æ±‰åŠ æ²¹ #wuhan-support ä½¿ç”¨çŸ³å¢¨æ–‡æ¡£ Open API è·å–è¡¨æ ¼å†…æ•°æ®	https://github.com/wuhan-support/shimo-openapi	2020-01-30 12:56:27 HKT+0800	Go	GPL-3.0 license	None	ncov, wuhan-pneumonia, shimo, wuhan-support	0
2020æ­¦æ±‰ n_cov(SARI) è‚ºç‚ç—…æ¯’æ¨é€ï¼ŒåŸºäºBarkï¼Œåªé€‚ç”¨äºiPhone	https://github.com/jinqimu/n_cov	2020-01-30 12:55:19 HKT+0800	Python	None	1	None	0
æ­¦æ±‰ç–«æƒ…æ„ŸæŸ“è½¦æ¬¡/èˆªç­ä¿¡æ¯ç»Ÿè®¡	https://github.com/dlunion/wuhan	2020-01-30 11:37:50 HKT+0800	Python	None	2	None	0
2020å¹´1æœˆæ–°å‹å† çŠ¶ç—…æ¯’åœ¨ä¸­å›½æ¹–åŒ—çœæ­¦æ±‰å¸‚çˆ†å‘ä»¥æ¥å¼•èµ·å¹¿æ³›å½±å“çš„æ–°é—»æŠ¥é“/å¾®ä¿¡å…¬ä¼—å·æ–‡ç« /ç½‘ç»œæ¶ˆæ¯ã€‚	https://github.com/whfy-archive/whfy	2020-01-30 10:26:17 HKT+0800	None	None	None	None	0
æ­¦æ±‰è‚ºç‚äº‹ä»¶æœŸé—´è…¾è®¯[è¾ƒçœŸ]å¹³å°ä¸Šçš„è°£è¨€èˆ†æƒ…åˆ†æ	https://github.com/Junlin-Tao/-	2020-01-29 23:16:19 HKT+0800	None	None	None	None	0
å»ºç«‹ä¿¡æ¯å¹³å°ï¼Œå¸®åŠ©æ‰©æ•£å’Œè¯†åˆ«æœ‰æ•ˆä¿¡æ¯ï¼Œå¸®åŠ©æ­¦æ±‰äººæ°‘ã€‚	https://github.com/ntucaolei/helpWuhan	2020-01-29 20:54:50 HKT+0800	Java	None	None	None	0
æ­¦æ±‰åŠ æ²¹	https://github.com/Cocooffee/lrq-	2020-01-29 20:42:49 HKT+0800	None	None	None	None	0
åŸºäºäººè„¸è¯†åˆ«çš„å£ç½©/æŠ¤ç›®é•œä½©æˆ´ç¨‹åº æ­¦æ±‰åŠ æ²¹	https://github.com/GodLovesJonny/Mask-Wearing-by-Face-Detection	2020-01-29 19:39:37 HKT+0800	Python	MIT license	None	None	0
æ­¦æ±‰åŠ æ²¹ ãƒ¾(â—Â°âˆ‡Â°â—)ï¾‰ï¾	https://github.com/19nCoV/19ncov	2020-01-29 17:28:35 HKT+0800	None	None	None	None	0
ä¸€ä¸ªå…³äºæ­¦æ±‰2019æ–°å‹å† çŠ¶ç—…æ¯’çš„ç›¸å…³æ¨¡å‹ä¸æ•°æ®çš„æ•´ç†ã€‚	https://github.com/Jinchili/wuhan_2019_coronavirus_model_navigate	2020-01-29 16:19:52 HKT+0800	None	MIT license	None	None	0
æ­¦æ±‰è‚ºç‚æ­»äº¡æ—¶é—´çº¿	https://github.com/chenxsan/deathline	2020-01-29 14:00:09 HKT+0800	TypeScript	None	6	None	0
çˆ¬å–æ­¦æ±‰æ–°å‹å† çŠ¶ç—…æ¯’å®æ—¶ç–«æƒ…åŠ¨æ€	https://github.com/Whisper912/plague_wuhan	2020-01-29 13:29:53 HKT+0800	Python	None	None	None	0
æ­¦æ±‰åŠ æ²¹	https://github.com/GeekBeliever/-	2020-01-29 11:33:48 HKT+0800	None	None	None	None	0
æ­¦æ±‰ç–«æƒ…çš„åŸå§‹æ•°æ®åœ°å€	https://github.com/2020-nCoV/RawData	2020-01-28 23:11:39 HKT+0800	None	None	8	None	0
æ­¦æ±‰æ–°å‹å† çŠ¶ç—…æ¯’é˜²ç–«ä¿¡æ¯æ”¶é›†å¹³å°â€”â€”æ•°æ®ä»“åº“	https://github.com/daxun/data	2020-01-28 17:08:11 HKT+0800	None	None	None	None	0
æ­¦æ±‰è‚ºç‚ç–«æƒ…åŠ¨æ€çˆ¬è™«	https://github.com/WentsingNee/PneumoniaWuhan2020	2020-01-28 16:35:34 HKT+0800	C++	MIT license	4	None	0
å¾®ä¿¡å°ç¨‹åº ä¸ºä½ çš„å¤´åƒæˆ´ä¸ªå£ç½©--æ­¦æ±‰åŠ æ²¹ï¼	https://github.com/whitechiina/Mask	2020-01-28 13:10:36 HKT+0800	JavaScript	None	None	None	0
æ±‡æ€»å¹¿ä¸œæ–¹é¢å…³äºæ­¦æ±‰æ–°å‹å† çŠ¶ç—…æ¯’çš„å®˜æ–¹ä¿¡æ¯ã€‚	https://github.com/hummerstudio/virus-in-guangdong	2020-01-28 12:43:26 HKT+0800	None	None	None	None	0
#æ­¦æ±‰åŠ æ²¹ #wuhan-support é€šè¿‡è°ƒç”¨çŸ³å¢¨æ–‡æ¡£å¯¼å‡º API å¹¶è¿›è¡Œå†…éƒ¨è½¬æ¢å®ç°å®æ—¶ä½¿ç”¨çŸ³å¢¨æ–‡æ¡£è¡¨æ ¼å†…æ•°æ®	https://github.com/wuhan-support/shimo	2020-01-28 12:37:32 HKT+0800	Go	GPL-3.0 license	None	ncov, wuhan-pneumonia, shimo, wuhan-support	0
QQç¾¤å®æ—¶æŸ¥è¯¢æ­¦æ±‰ç–«æƒ…	https://github.com/IMNOTHD/qqbot-epidemic	2020-01-28 11:22:22 HKT+0800	Go	None	None	None	0
New Coronavirus, Pneumonia, æ–°å‹å† çŠ¶ç—…æ¯’,å† çŠ¶ç—…æ¯’, Wuhan, æ­¦æ±‰,info websites,Information, Wuhan Pneumonia, Wuhan Coronavirus, Corâ€¦	https://github.com/coddec/2020-new-coronavirus	2020-01-28 11:10:52 HKT+0800	HTML	AGPL-3.0 license	1	coronavirus-tracking, wuhan, wuhan-coronavirus, pneumonia, information, real-time-map, 2019-ncov, coronavirus, wuhan-pneumonia, wuhan-coronavirus-outbreak, new-coronavirus, info-websites, coronavirus-globaloutbreak, novel-coronavirus, nvoc, coronavirus-maps, coronavirus-real-time, coronavirus-info, coronavirus-websites	0
æ­¦æ±‰ç—…æ¯’çš„ä¸“é¢˜åœ°å›¾	https://github.com/GeoIntelSolution/wuhanvirus-map	2020-01-28 10:35:46 HKT+0800	JavaScript	None	1	None	0
æ­¦æ±‰æ–°å‹å† çŠ¶ç—…æ¯’ä¿¡æ¯çš„é…·QæŸ¥è¯¢bot	https://github.com/Aye10032/Broadcastbot	2020-01-28 10:14:27 HKT+0800	Java	GPL-3.0 license	None	None	0
æ­¦æ±‰ä¿¡æ¯æ”¶é›†å¹³å°(æ¶ˆæ¯æ”¶é›†+å»ºæ¨¡ï¼‰	https://github.com/h12345jack/wuhan_message_collections	2020-01-28 06:18:21 HKT+0800	None	MIT license	None	None	0
å…¬ç›Šåº”ç”¨-æ­¦æ±‰æ–°å‹å† çŠ¶ç—…æ¯’å­¦ç”Ÿæƒ…å†µé—®å·ï¼Œå¸®åŠ©è€å¸ˆæ”¶é›†å­¦ç”ŸçŠ¶å†µ	https://github.com/doublechaintech/health-biz-suite	2020-01-27 18:09:53 HKT+0800	JavaScript	None	None	None	0
æ­¦æ±‰2020æ–°å‹å† çŠ¶ç—…æ¯’ï¼ˆ2019-ncovï¼‰å…¨å›½ç–«æƒ…å®æ—¶ç›‘æ§å¹³å°ï¼Œæ­¦æ±‰åŠ æ²¹ï¼	https://github.com/mokeeqian/wuhan-ncov	2020-01-27 17:15:41 HKT+0800	Python	None	1	wuhan, 2019-ncov, 2019ncov, wuhan-pneumonia, wuhan-coronavirus-outbreak	0
æ­¦æ±‰è‚ºç‚SOSè‡ªæ•‘ç¤¾åŒº	https://github.com/dodoru/wuhan-19nCov-sosbbs	2020-01-26 22:01:04 HKT+0800	None	None	2	None	0
åŠ æ²¹æ­¦æ±‰H5	https://github.com/kendny/onwh-h5	2020-01-26 21:43:16 HKT+0800	JavaScript	None	None	None	0
æ­¦æ±‰å¤§å­¦å›¾ä¹¦é¦†æŠ¢åº§è½¯ä»¶ - ç§»åŠ¨ç«¯	https://github.com/CS-Tao/whu-library-seat-mobile	2020-01-26 14:40:43 HKT+0800	Vue	None	153	android, cordova, library, vue, seat, whu, whu-library-seat	0
æ­¦æ±‰å¤§å­¦å›¾ä¹¦é¦†æŠ¢åº§è½¯ä»¶ - æ¡Œé¢ç«¯	https://github.com/CS-Tao/whu-library-seat	2020-01-26 14:32:21 HKT+0800	Vue	None	210	whu-library-seat, electron, library, vue, seat, whu	0
æ­¦æ±‰è‚ºç‚ä»£ç¥·å‘Šåå•	https://github.com/pray4you/wuhan	2020-01-25 21:30:29 HKT+0800	None	None	None	None	0
æ­¦æ±‰æ–°å‹å† çŠ¶ç—…æ¯’é˜²ç–«ä¿¡æ¯æ”¶é›†å¹³å°å‰ç«¯	https://github.com/LiuChangFreeman/front-pages	2020-01-25 20:53:47 HKT+0800	JavaScript	None	1	None	0
æ•´ç†å…³äºæ­¦æ±‰è‚ºç‚çš„ç›¸å…³ä¿¡æ¯ï¼Œè¾Ÿè°£ä¸ºä¸»	https://github.com/fishioon/2019-nCov	2020-01-25 17:21:02 HKT+0800	None	None	1	None	0
ç›®å‰æœé›†åˆ°çš„å…³äºæ­¦æ±‰è‚ºç‚çš„ä¿¡æ¯èµ„æº	https://github.com/2020-nCoV/Docs	2020-01-25 14:02:54 HKT+0800	None	None	None	None	0
æ­¦æ±‰èµ·ç–« æ–°å‹å† çŠ¶ç—…æ¯’çš„å¯èƒ½åº”å¯¹æ–¹æ³•	https://github.com/dokiquarter/HELP	2020-01-25 10:33:45 HKT+0800	None	CC0-1.0 license	None	None	0
48é—®æ­¦æ±‰å¸‚é•¿ï¼Œè¯·å‡ºæ¥èµ°ä¸¤æ­¥ï¼ˆè½¬è½½ï¼‰	https://github.com/wswater/wuhanfeiyan	2020-01-24 16:07:02 HKT+0800	None	None	None	None	0
è¿™ä¸ªé¡¹ç›®ç”¨äºæœ‰å…³`æ­¦æ±‰è‚ºç‚` `2019-ncov` çš„ç›¸å…³æ•°æ®å’Œåœ°ç†ç©ºé—´åˆ¶å›¾ä»¥åŠç›¸å…³è®ºæ–‡çš„è·å–åˆ†äº«å’Œå‘å¸ƒ	https://github.com/wybert/open_ncov	2020-01-24 10:22:40 HKT+0800	None	MIT license	None	None	0
æ­¦æ±‰ï¼ŒåŠ æ²¹ã€‚	https://github.com/FrankWang1991/for-wuhan	2020-01-23 19:40:54 HKT+0800	JavaScript	None	None	None	0
æ­¦æ±‰è‚ºç‚ - 2019-nCoV	https://github.com/greatcodeeer/2019-nCoV	2020-01-23 16:12:43 HKT+0800	JavaScript	None	2	None	0
2019æ–°å‹å† çŠ¶ç—…æ¯’ï¼ˆæ­¦æ±‰è‚ºç‚ï¼‰ä¸­å›½æ”¿åºœéƒ¨é—¨æ–°é—»çˆ¬è™«è„šæœ¬ï¼ˆéå®˜æ–¹ï¼‰	https://github.com/Sudamid/wuhan-19nCov-news-reporter	2020-01-22 16:58:18 HKT+0800	Python	MIT license	7	None	0
åœ¨æ­¦æ±‰è‚ºç‚é¢å‰ï¼Œæˆ‘ä»¬ä¸å¸Œæœ›åšä¸ªåƒç“œç¾¤ä¼—ï¼Œæˆ‘ä»¬æƒ³è¦ä¸ºå¤§å®¶æä¾›å¸®åŠ©ï¼ï¼ï¼	https://github.com/wanghaMAX/2019-nCov-info-provider	2020-01-22 14:25:08 HKT+0800	None	None	1	None	0
æ­¦æ±‰è‚ºç‚ æ–°å‹å† çŠ¶ç—…æ¯’ 2019-nCoV å…¨å›½ç¡®è¯Šã€ç–‘ä¼¼ã€æ­»äº¡æ•°æ®æ±‡æ€»ï¼Œä¸å®šæ—¶æ›´æ–°ã€‚	https://github.com/hubert03/2019-nCoV	2020-01-22 14:00:19 HKT+0800	None	None	None	None	0
ä¸­å›½æ­¦æ±‰çš„ 2019-nCoVç–«æƒ…åŠ¨æ€å¯è§†åŒ–	https://github.com/MewemeW/nCoV	2020-01-21 23:45:39 HKT+0800	None	None	1	None	0
çˆ¬å–æ­¦æ±‰å«å¥å§”çš„ä¸»é¡µï¼Œè·Ÿè¿›æ­¦æ±‰è‚ºç‚å®˜æ–¹å‘å¸ƒçš„æœ€æ–°ä¿¡æ¯	https://github.com/frostime/Track-On-WuHan-FeiYan-Pneumonia	2020-01-21 21:01:38 HKT+0800	Python	None	4	python, crawler, pneumonia, wuhan, feiyan	0
æ­¦æ±‰ç–«æƒ…åˆ†å¸ƒ	https://github.com/chenkai0520/pneumonia-case	2020-01-21 18:31:28 HKT+0800	JavaScript	None	None	None	0
æ­¦æ±‰è‚ºç‚çš„ç›¸å…³æ•°æ®	https://github.com/renmu123/ncov	2020-01-21 17:04:52 HKT+0800	Python	None	17	None	0
